"Image","Title","Sales Rank: Current","Reviews: Rating","Buy Box: Current","Buy Box: Stock","Amazon: Current","Amazon: Stock","New: Current","List Price: Current","Categories: Tree","Website Display Group: Name","ASIN","Product Codes: EAN","Brand","Author"
"https://m.media-amazon.com/images/I/11j2ANgDaEL.jpg;https://m.media-amazon.com/images/I/21cJaYknYrL.jpg;https://m.media-amazon.com/images/I/21v9G9DvKJL.jpg;https://m.media-amazon.com/images/I/41A6azb5LWL.jpg","Sony BDP-S1700 Blu-ray Disc Player (Full HD, 1080p hohe Auflösung, TRILUMINOS, Dolby TrueHD, DTS-HD Master Audio, DTS-HD High-Resolution Audio)","712","4.5","84.63","1000","84.63","1000","84.63","95.00","Elektronik & Foto › Fernseher & Heimkino › Blu-ray-Player & -Rekorder › Blu-ray-Player","CE","B0F255TB93","4548736144194","Sony",""
"https://m.media-amazon.com/images/I/31ENxSoTd9L.jpg;https://m.media-amazon.com/images/I/31tEtcUkfbL.jpg","Panasonic DMP-BDT168EG Kompakter 3D Blu-ray Player (Full HD Upscaling, Internet Apps, LAN-Anschluss, USB, MKV-Playback) silber","2668","4.5","80.39","3","80.39","3","80.39","109.00","Elektronik & Foto › Fernseher & Heimkino › Blu-ray-Player & -Rekorder › Blu-ray-Player","Home Theater","B01BH4H1B8","5025232837731","Panasonic",""
"https://m.media-amazon.com/images/I/31vDRjg0tkL.jpg;https://m.media-amazon.com/images/I/41Ql+LvfNqL.jpg;https://m.media-amazon.com/images/I/51vat0xzSuL.jpg;https://m.media-amazon.com/images/I/316kvp+lu6L.jpg;https://m.media-amazon.com/images/I/41qQiOnkr4L.jpg;https://m.media-amazon.com/images/I/41aQm5Pa93L.jpg;https://m.media-amazon.com/images/I/51uXISGECqL.jpg;https://m.media-amazon.com/images/I/41R0rKdoPIL.jpg","Panasonic DMP-BDT167EG Kompakter 3D Blu-ray Player (Full HD Upscaling, Internet Apps, LAN-Anschluss, USB, MKV-Playback) schwarz","2668","4.5","88.99","5","88.99","5","87.22","109.00","Elektronik & Foto › Fernseher & Heimkino › Blu-ray-Player & -Rekorder › Blu-ray-Player","Home Theater","B01BH4H03M","5025232837724","Panasonic",""
"https://m.media-amazon.com/images/I/21cJlaGI-AL.jpg;https://m.media-amazon.com/images/I/31oCSGgZlDL.jpg;https://m.media-amazon.com/images/I/31muq4ncrlL.jpg;https://m.media-amazon.com/images/I/31N3KQUxVTL.jpg;https://m.media-amazon.com/images/I/21dcRGlTC6L.jpg;https://m.media-amazon.com/images/I/21fRQSLZtOL.jpg;https://m.media-amazon.com/images/I/116U2HMJwDL.jpg;https://m.media-amazon.com/images/I/11RLaM+Mx9L.jpg;https://m.media-amazon.com/images/I/21HEgoZMM2L.jpg;https://m.media-amazon.com/images/I/219FQmE80BL.jpg","Sony UBP-X700 4K Ultra HD Blu-ray Disc Player (Hochauflösendes Audio, HDR10, Dolby Vision, BT.2020, Erweiterte Hochskalierung, Universal Player, HDMI & Koaxial SPDIF)","3243","4.4","239.00","1000","239.00","1000","237.49","299.00","Elektronik & Foto › Fernseher & Heimkino › Blu-ray-Player & -Rekorder › Blu-ray-Player","CE","B0F2563K5J","4548736144132","Sony",""
"https://m.media-amazon.com/images/I/31danhCge3L.jpg;https://m.media-amazon.com/images/I/41-7OfCw+9L.jpg;https://m.media-amazon.com/images/I/511wIUWw+oL.jpg;https://m.media-amazon.com/images/I/413rUtEMHsL.jpg;https://m.media-amazon.com/images/I/41eG8L5b03L.jpg;https://m.media-amazon.com/images/I/416Eb-LSwOL.jpg","Panasonic DP-UB154EG-K Ultra HD Blu-ray Player in schwarz (HDR10+, 4K Blu-ray Disc, 4K VoD, Dolby Atmos, HDMI, USB)","4454","4.3","159.00","1000","159.00","1000","159.00","179.00","Elektronik & Foto › Fernseher & Heimkino › Blu-ray-Player & -Rekorder › Blu-ray-Player","Home Theater","B07NCRSNMK","5025232889310","Panasonic",""
"https://m.media-amazon.com/images/I/21m9+fAYDSL.jpg;https://m.media-amazon.com/images/I/31NWVU4MjSL.jpg;https://m.media-amazon.com/images/I/31NGk58J1YL.jpg;https://m.media-amazon.com/images/I/41mAJZMmfmL.jpg;https://m.media-amazon.com/images/I/31ajK380Z+L.jpg;https://m.media-amazon.com/images/I/31AjroT5olL.jpg","Panasonic DMR-BST765AG Blu-Ray Player und Recorder mit Twin HD DVB-S Tuner, 500 GB Festplatte, 4K Upscaling, Ultra HD, Simultanaufnahme, Smart Ready, Silber","7977","4.3","398.00","1000","398.00","1000","394.90","479.00","Elektronik & Foto › Fernseher & Heimkino › Blu-ray-Player & -Rekorder › Blu-ray-Rekorder","Home Theater","B0B9XV23PZ","5025232929290","Panasonic",""
"https://m.media-amazon.com/images/I/21W6tHYn1wL.jpg;https://m.media-amazon.com/images/I/31CtN62t-RL.jpg;https://m.media-amazon.com/images/I/31-+HeQKcYL.jpg;https://m.media-amazon.com/images/I/41mAJZMmfmL.jpg;https://m.media-amazon.com/images/I/31FlHbs2fLL.jpg;https://m.media-amazon.com/images/I/31tIDPGEttL.jpg","Panasonic DMR-BCT760AG Blu-Ray Player und Recorder mit Twin HD DVB-C Tuner, 500 GB Festplatte, 4K Upscaling, Ultra HD, Simultanaufnahme, Smart Ready, Schwarz","7977","4.3","416.66","17","","","409.00","479.00","Elektronik & Foto › Fernseher & Heimkino › Blu-ray-Player & -Rekorder › Blu-ray-Rekorder","Home Theater","B0BF61JZWT","5025232929269","Panasonic",""
"https://m.media-amazon.com/images/I/21ur2tLalpL.jpg;https://m.media-amazon.com/images/I/31JpqYjGP+L.jpg;https://m.media-amazon.com/images/I/41mAJZMmfmL.jpg;https://m.media-amazon.com/images/I/31gT5GKQmVL.jpg;https://m.media-amazon.com/images/I/31JB9wGsdNL.jpg;https://m.media-amazon.com/images/I/31czzle3l5L.jpg","Panasonic DMR-BST760AG Blu-Ray Player und Recorder mit Twin HD DVB-S Tuner, 500 GB Festplatte, 4K Upscaling, Ultra HD, Simultanaufnahme, Smart Ready, Schwarz","7979","4.3","401.53","2","408.54","22","401.53","479.00","Elektronik & Foto › Fernseher & Heimkino › Blu-ray-Player & -Rekorder › Blu-ray-Rekorder","Home Theater","B0B9XTM8FT","5025232929283","Panasonic",""
"https://m.media-amazon.com/images/I/21ya4zrQoYL.jpg;https://m.media-amazon.com/images/I/31m2KjF3+7L.jpg;https://m.media-amazon.com/images/I/31UBjmaiDqL.jpg;https://m.media-amazon.com/images/I/41mAJZMmfmL.jpg;https://m.media-amazon.com/images/I/31jzAiIQQKL.jpg;https://m.media-amazon.com/images/I/31i8reDDVmL.jpg","Panasonic DMR-BCT765AG Blu-Ray Player und Recorder mit Twin HD DVB-C Tuner, 500 GB Festplatte, 4K Upscaling, Ultra HD, Simultanaufnahme, Smart Ready, Silber","8032","4.3","403.59","5","410.99","1000","399.00","479.00","Elektronik & Foto › Fernseher & Heimkino › Blu-ray-Player & -Rekorder › Blu-ray-Rekorder","Home Theater","B0B9Y1Z1N3","5025232929276","Panasonic",""
"https://m.media-amazon.com/images/I/31geKUaszfL.jpg;https://m.media-amazon.com/images/I/41opjMwgIaL.jpg;https://m.media-amazon.com/images/I/51vat0xzSuL.jpg;https://m.media-amazon.com/images/I/41qQiOnkr4L.jpg;https://m.media-amazon.com/images/I/41DMJ6OCGNL.jpg;https://m.media-amazon.com/images/I/51OUuZTMUFL.jpg;https://m.media-amazon.com/images/I/41HV5290jdL.jpg","Panasonic DMP-BD84EG-K Smart Network 2D Blu-ray DVD-Player, Internet-Apps, hochauflösendes Audio, Wiedergabe von externer Festplatte, USB, Ethernet, kompaktes Design, Schwarz","8593","4.5","103.93","1000","103.93","1000","103.93","99.00","Elektronik & Foto › Fernseher & Heimkino › Blu-ray-Player & -Rekorder › Blu-ray-Player","Home Theater","B01DL0U9A6","5025232837687","Panasonic",""
"https://m.media-amazon.com/images/I/31w0cgiGpmL.jpg;https://m.media-amazon.com/images/I/41LXS5SdSlL.jpg;https://m.media-amazon.com/images/I/514ziL7K-KL.jpg;https://m.media-amazon.com/images/I/41Oihv+vqPL.jpg;https://m.media-amazon.com/images/I/41uGdNgbdzL.jpg;https://m.media-amazon.com/images/I/51OUuZTMUFL.jpg;https://m.media-amazon.com/images/I/419JJlLtNPL.jpg","Panasonic DMP-BD84EG-S Smart Network 2D Blu-ray/DVD-Player, Internet-Apps, hochauflösendes Audio, Wiedergabe von externer Festplatte, USB, Ethernet, kompaktes Design, Silber","8593","4.5","99.00","235","99.00","235","99.00","99.00","Elektronik & Foto › Fernseher & Heimkino › Blu-ray-Player & -Rekorder › Blu-ray-Player","Home Theater","B08WKGXP3R","5025232837694","Panasonic",""
"https://m.media-amazon.com/images/I/31ISaJv3svL.jpg;https://m.media-amazon.com/images/I/41SCRwl5iTL.jpg;https://m.media-amazon.com/images/I/512O8qm+WpL.jpg;https://m.media-amazon.com/images/I/41lcIXGxP4L.jpg;https://m.media-amazon.com/images/I/41qOBivNZxL.jpg;https://m.media-amazon.com/images/I/51P55ml719L.jpg;https://m.media-amazon.com/images/I/41sQFJft5yL.jpg","Panasonic DP-UB824EGK UHD Blu-ray Player (4K Blu-ray Disc, 4K VoD, 2x HDMI, USB, 7.1 Analog-Ausgänge)","15613","4.4","442.47","","442.47","","442.47","449.00","Elektronik & Foto › Fernseher & Heimkino › Blu-ray-Player & -Rekorder › Blu-ray-Player","Home Theater","B07BB6NV7D","5025232878765","Panasonic",""
"https://m.media-amazon.com/images/I/212+Jc19vnL.jpg;https://m.media-amazon.com/images/I/31wPCPLRu7L.jpg;https://m.media-amazon.com/images/I/31oU23BCyxL.jpg","Panasonic DMR-UBS90EGK Ultra HD Recorder (2TB HDD, 4K Blu-ray Disc Wiedergabe, UHD TV Satellitenempfang, 3 x DVB-S/S2 HD Tuner)","15678","4.3","762.06","15","729.00","2","729.00","949.00","Elektronik & Foto › Fernseher & Heimkino › Blu-ray-Player & -Rekorder › Blu-ray-Rekorder","Home Theater","B06XBZN1GW","5025232867080","Panasonic",""
"https://m.media-amazon.com/images/I/31EMXacyHQL.jpg;https://m.media-amazon.com/images/I/31JRWdol7OL.jpg;https://m.media-amazon.com/images/I/31nlyS9AsRL.jpg;https://m.media-amazon.com/images/I/31f2FXOKyCL.jpg;https://m.media-amazon.com/images/I/41Z9Vlwf-yL.jpg","Panasonic DMR-UBC90EGK Ultra HD Blu-ray Recorder (2TB HDD, 4K Blu-ray Disc, UHD TV Kabelempfang, 3x DVB-C/DVB-T2 HD Tuner); Abmessungen (B x H x T)430 x 68 x 201 mm","15678","4.3","709.50","1","709.50","1","709.50","949.00","Elektronik & Foto › Fernseher & Heimkino › Blu-ray-Player & -Rekorder › Blu-ray-Rekorder","Home Theater","B06XC6KZ81","5025232867073","Panasonic",""
"https://m.media-amazon.com/images/I/21mY4KYMp2L.jpg;https://m.media-amazon.com/images/I/21y1DGvfpUL.jpg;https://m.media-amazon.com/images/I/21s4xayjL9L.jpg;https://m.media-amazon.com/images/I/31LVnIwToRL.jpg;https://m.media-amazon.com/images/I/31uBK16XPnL.jpg;https://m.media-amazon.com/images/I/41lcrQS3aJL.jpg","Panasonic DP-UB424EGS Ultra HD Blu-ray Player (4K Blu-ray Disc, 4K VoD, DLNA, 2x HDMI, USB, silber)","18711","4.3","237.02","10","227.89","1000","227.89","249.00","Elektronik & Foto › Fernseher & Heimkino › Blu-ray-Player & -Rekorder › Blu-ray-Player","Home Theater","B07BBCY1Z5","5025232878680","Panasonic",""
"https://m.media-amazon.com/images/I/31HliJt-WaL.jpg;https://m.media-amazon.com/images/I/41KhjZi3TyL.jpg;https://m.media-amazon.com/images/I/41Q2+dx0aOL.jpg;https://m.media-amazon.com/images/I/31cZRNA9vRL.jpg;https://m.media-amazon.com/images/I/51t-j9ZNaIL.jpg;https://m.media-amazon.com/images/I/41E0bGywlKL.jpg;https://m.media-amazon.com/images/I/51b075FMEwL.jpg;https://m.media-amazon.com/images/I/51j2p2beHtL.jpg;https://m.media-amazon.com/images/I/41KyIiSUwiL.jpg","Panasonic DP-UB424EGK Ultra HD Player (4K Blu-ray Disc, 4K VoD, DLNA, 2x HDMI, USB, schwarz)","18711","4.3","234.73","128","234.73","128","238.99","249.00","Elektronik & Foto › Fernseher & Heimkino › Blu-ray-Player & -Rekorder › Blu-ray-Player","Home Theater","B07BB8T88X","5025232878673","Panasonic",""
"https://m.media-amazon.com/images/I/31A3c2Cg8sL.jpg;https://m.media-amazon.com/images/I/41M8YF919mL.jpg;https://m.media-amazon.com/images/I/512O8qm+WpL.jpg;https://m.media-amazon.com/images/I/41vmVoo7OSL.jpg;https://m.media-amazon.com/images/I/41osje00HML.jpg;https://m.media-amazon.com/images/I/51xCom6FFDL.jpg;https://m.media-amazon.com/images/I/41zvR8Fjx5L.jpg","Panasonic DP-UB9004 UHD Blu-ray Player (HDR10+, 4K Blu-ray Disc, 4K VoD, Dolby Vision, 2X HDMI, 2X USB) schwarz","27443","4.6","1,135.00","3","1,029.00","","1,029.00","1,149.00","Elektronik & Foto › Fernseher & Heimkino › Blu-ray-Player & -Rekorder › Blu-ray-Player","Home Theater","B097K4HRYL","5025232922055","Panasonic",""
"https://m.media-amazon.com/images/I/21yjPwdMCpL.jpg;https://m.media-amazon.com/images/I/31hczO3sC9L.jpg;https://m.media-amazon.com/images/I/314UdEDuXHL.jpg;https://m.media-amazon.com/images/I/31K5D1DMURL.jpg;https://m.media-amazon.com/images/I/31H7nFDOoZL.jpg;https://m.media-amazon.com/images/I/41A4ejFueiL.jpg;https://m.media-amazon.com/images/I/31dILJ4wt4L.jpg;https://m.media-amazon.com/images/I/41QFyGa0x-L.jpg;https://m.media-amazon.com/images/I/41e3JMKh9WL.jpg;https://m.media-amazon.com/images/I/41X+RzroNYL.jpg;https://m.media-amazon.com/images/I/51EiPWbwZCL.jpg;https://m.media-amazon.com/images/I/41fbyo140mL.jpg","Panasonic DMR-UBC70EGK UHD Recorder (500GB HDD, 4K Blu-ray Disc, WLAN, 4K VoD, UHD TV Empfang, 2x DVB-C/T2 HD Tuner)","28344","4.3","469.00","3","469.00","3","469.00","579.00","Elektronik & Foto › Fernseher & Heimkino › DVD-Player & -Rekorder › DVD-Player","Home Theater","B07BB9WSV2","5025232878352","Panasonic",""
"https://m.media-amazon.com/images/I/21vLhiE822L.jpg;https://m.media-amazon.com/images/I/21cc3iD9BCL.jpg;https://m.media-amazon.com/images/I/31MV-ubOmLL.jpg;https://m.media-amazon.com/images/I/31dQSvLpVcL.jpg;https://m.media-amazon.com/images/I/41GVmizkwRL.jpg","Panasonic DMR-UBS70EGK Ultra HD Blu-ray Recorder (500GB HDD, 4K , Disc, 4K VoD, UHD TV Empfang, 2x DVB-S2, schwarz)","28344","4.3","484.36","2","484.36","2","479.00","579.00","Elektronik & Foto › Fernseher & Heimkino › Blu-ray-Player & -Rekorder › Blu-ray-Rekorder","Home Theater","B07BBD4JY8","5025232878376","Panasonic",""
"https://m.media-amazon.com/images/I/21TOH5pEHtL.jpg;https://m.media-amazon.com/images/I/31aRoxF+CrL.jpg;https://m.media-amazon.com/images/I/315BiYyCU5L.jpg;https://m.media-amazon.com/images/I/31iQXy+WvSL.jpg;https://m.media-amazon.com/images/I/41GtQDaXNRL.jpg","Panasonic DMR-UBC70EGS Recorder (500GB HDD, 4K Blu-ray Disc, 4K VoD, UHD TV Empfang, 2x DVB-C/T2 HD Tuner, silber)","28344","4.3","462.90","3","462.90","3","462.90","579.00","Elektronik & Foto › Fernseher & Heimkino › DVD-Player & -Rekorder › DVD-Player","Home Theater","B07B9Z7MD2","2220007685682, 5025232878369","Panasonic",""
"https://m.media-amazon.com/images/I/21awgLFicmL.jpg;https://m.media-amazon.com/images/I/21X9-++xUsL.jpg;https://m.media-amazon.com/images/I/21htmT+5IdL.jpg;https://m.media-amazon.com/images/I/21S5vQzGgBL.jpg;https://m.media-amazon.com/images/I/312jReFRODL.jpg","Panasonic DMR-UBS70EGS Ultra HD Blu-ray Recorder (500GB HDD, 4K Blu-ray Disc, 4K VoD, UHD TV Empfang, 2x DVB-S2, silber)","28344","4.3","471.48","3","471.48","3","471.48","579.00","Elektronik & Foto › Fernseher & Heimkino › Blu-ray-Player & -Rekorder › Blu-ray-Rekorder","Home Theater","B07BB491KP","5025232878383","Panasonic",""
"https://m.media-amazon.com/images/I/31GSOOLH8QL.jpg;https://m.media-amazon.com/images/I/31r-qpQG-8L.jpg","Panasonic DMP-BDT185EG 3D Blu-ray Player (4K Upscaling, DLNA, VoD, HDMI-Steuerung, USB, MKV-Playback) silber","38941","4.4","","","","","199.99","129.00","Elektronik & Foto › Fernseher & Heimkino › Blu-ray-Player & -Rekorder › Blu-ray-Player","Home Theater","B01BH4GY98","5025232837809","Panasonic",""
"https://m.media-amazon.com/images/I/21ozMGJFeVL.jpg;https://m.media-amazon.com/images/I/21sgf1N-OAL.jpg;https://m.media-amazon.com/images/I/21-GiHpAMbL.jpg;https://m.media-amazon.com/images/I/31MdHqQFwEL.jpg;https://m.media-amazon.com/images/I/31yT5V9npPL.jpg;https://m.media-amazon.com/images/I/31Tg8fSUAYL.jpg;https://m.media-amazon.com/images/I/41jYLayErFL.jpg","Lett.Blu-Ray DP-UB150EGK 4K HDR10 DbAtm","126816","4.4","185.48","2","","","185.48","221.00","Elektronik & Foto › Fernseher & Heimkino › Blu-ray-Player & -Rekorder › Blu-ray-Player","Home Theater","B07P7WYCLF","2220009677579, 5025232889341","Panasonic",""
"https://m.media-amazon.com/images/I/31DwHGEvMnL.jpg","Panasonic DVD-S500EG-K Eleganter DVD-Player (Multiformat Wiedergabe mit xvid, MP3 und JPEG, USB 2.0 und Scart Anschluss, kein HDMI) schwarz","130513","4.2","59.57","4","","","59.57","59.00","Elektronik & Foto › Fernseher & Heimkino › DVD-Player & -Rekorder › DVD-Player","Home Theater","B00DQBCFIA","5025232743896","Panasonic",""
"https://m.media-amazon.com/images/I/21+379EpvbL.jpg;https://m.media-amazon.com/images/I/11MKarVCLUL.jpg;https://m.media-amazon.com/images/I/21b6QuoYL+L.jpg;https://m.media-amazon.com/images/I/21P7s3lEydL.jpg;https://m.media-amazon.com/images/I/31QHrv-k4GL.jpg","Blu-Ray Player 4K UHD","162559","4.4","","","","","247.49","","Elektronik & Foto › Fernseher & Heimkino › Blu-ray-Player & -Rekorder › Blu-ray-Player","Automotive Parts and Accessories","B07S7PQ3TS","5025232894918","Panasonic",""
"https://m.media-amazon.com/images/I/21eaNYTU4iL.jpg;https://m.media-amazon.com/images/I/21aRz5ZKEzL.jpg;https://m.media-amazon.com/images/I/31FMBGsInmL.jpg;https://m.media-amazon.com/images/I/31be1OJe2SL.jpg;https://m.media-amazon.com/images/I/21IJIIuoauL.jpg;https://m.media-amazon.com/images/I/31pYdehjTwL.jpg","Panasonic DP-UB820EGK Ultra HD BLU-Ray-Player, 4K/HDR-Qualität, WiFi, Hi-Res-Audio, Twin HDMI, 3D-Wiedergabe, MP3-kompatibel, USB, optischer Ausgang, Schwarz","162691","4.6","533.74","1000","","","533.74","","Elektronik & Foto › Fernseher & Heimkino › Blu-ray-Player & -Rekorder › Blu-ray-Player","Home Theater","B07FSQQ155","5025232878772","Panasonic",""
"https://m.media-amazon.com/images/I/31GOdzbGr3L.jpg;https://m.media-amazon.com/images/I/41iwHi33udL.jpg","Panasonic DP-UB150EB-K 4K Ultra HD Blu-Ray Player mit HDR10+ schwarz kompakt","208611","4.4","180.84","1000","","","184.83","","Elektronik & Foto › Fernseher & Heimkino › Blu-ray-Player & -Rekorder › Blu-ray-Player","Home Theater","B07NSCHTRC","5025232889358","Panasonic",""
"https://m.media-amazon.com/images/I/21Kb4sqefiS.jpg;https://m.media-amazon.com/images/I/2156dNhp3KS.jpg;https://m.media-amazon.com/images/I/31mG0RgnVwS.jpg;https://m.media-amazon.com/images/I/21sHPbi8-IS.jpg;https://m.media-amazon.com/images/I/21WVWDB61oS.jpg;https://m.media-amazon.com/images/I/41WWhQLai2L.jpg","Panasonic DP-UB9000EG1 BLU-RAY DISC Player Black, DP-UB9000EG1","324577","4.4","","","","","1,302.93","1,099.00","Elektronik & Foto › Fernseher & Heimkino › Blu-ray-Player & -Rekorder › Blu-ray-Player","Home Theater","B098T8NV8M","5025232922031","Panasonic",""
"https://m.media-amazon.com/images/I/31QWqrlenKL.jpg","Panasonic DMR-PWT550EB Blu-Ray-Player und HDD-Recorder mit Freeview Play, Schwarz","479213","4.1","437.28","","437.28","","437.28","","Elektronik & Foto › Fernseher & Heimkino › Blu-ray-Player & -Rekorder › Blu-ray-Player","CE","B015341RTU","5025232828548","Panasonic",""
"https://m.media-amazon.com/images/I/31ARxg81P2L.jpg;https://m.media-amazon.com/images/I/313DzPOIKHL.jpg","Panasonic DVD Multi Drive, FZ-VDM551U","732750","5","151.09","1","","","151.09","","Elektronik & Foto › Fernseher & Heimkino › DVD-Player & -Rekorder › DVD-Player","Computer & Zubehör","B07SS1H6ZM","4549980251454","Panasonic",""
"https://m.media-amazon.com/images/I/21+vsdxaglL.jpg;https://m.media-amazon.com/images/I/21Xub1WIUhL.jpg;https://m.media-amazon.com/images/I/31NWq1ytlQL.jpg;https://m.media-amazon.com/images/I/31aw7Mx-+iL.jpg;https://m.media-amazon.com/images/I/31zhvSTQsCL.jpg;https://m.media-amazon.com/images/I/31JgK5FBQJL.jpg;https://m.media-amazon.com/images/I/31NJmHq8Y8L.jpg","Panasonic DMRUBT1ECK Blu Ray Player","748187","4.4","799.00","12","799.00","12","790.96","799.00","Elektronik & Foto › Fernseher & Heimkino › Blu-ray-Player & -Rekorder › Blu-ray-Rekorder","CE","B07GVQQ339","5025232885206","Panasonic",""
"https://m.media-amazon.com/images/I/11K1ySRRAhL.jpg","SONY Lettori Dvd Dvpsr370B Dvd Usb Sony Nero","","","","","","","53.53","","Elektronik & Foto › Fernseher & Heimkino › DVD-Player & -Rekorder › DVD-Player","CE","B083VRRL38","0700253454826, 4905524904109, 5013493236585","Sony",""